{
  "version": "v3.29",
  "generatedAt": "2026-07-02T09:53:05.324Z",
  "seed": 42,
  "tier": "full",
  "N": 20000,
  "evN": 10000,
  "bossMinReach": 200,
  "funN": 2000,
  "funBanks": [
    50000,
    70000,
    90000
  ],
  "st0Clear": 0.08445,
  "buildDiversity": {
    "balance": 0.08445,
    "flush": 0.0574,
    "black": 0.0781,
    "jokbo": 0.04635,
    "compact": 0.0266,
    "spatial": 0.01855,
    "gem": 0.02005,
    "apex": 0.06855,
    "cartel": 0.04305,
    "parity": 0.01465,
    "color": 0.0696
  },
  "perBlindCond": {
    "1-0": 0.9628,
    "1-1": 0.9199210635646032,
    "1-2": 0.9183131985999774,
    "2-0": 0.957336939816807,
    "2-1": 0.9235856931869261,
    "2-2": 0.919696864353751,
    "3-0": 0.9510885999395222,
    "3-1": 0.9137588426993085,
    "3-2": 0.9379784272790536,
    "4-0": 0.9432439951775944,
    "4-1": 0.9017795693638777,
    "4-2": 0.9032926297426952,
    "5-0": 0.936149668074834,
    "5-1": 0.8383187209902011,
    "5-2": 0.8924946170409105,
    "6-0": 0.9221092538342237,
    "6-1": 0.8342365912913474,
    "6-2": 0.9097222222222222,
    "7-0": 0.9411475006156119,
    "7-1": 0.8793825222396651,
    "7-2": 0.9053853019934544,
    "8-0": 0.9392047321721985,
    "8-1": 0.7645206438068579,
    "8-2": 0.7729977116704806
  },
  "bossCond": {
    "dull": 0.9060617469879518,
    "red_curse": 0.8999905294061937,
    "peasant": 0.9497892614989921,
    "tax": 0.9379784272790536,
    "toll": 0.8779571911378145,
    "seal_climb": 0.9074328299666601,
    "stingy": 0.9116022099447514,
    "rust": 0.9097222222222222,
    "frost": 0.9823584029712163,
    "mono": 0.8473413379073756,
    "anchor": 0.7729977116704806,
    "seal_suit": 0.8917710196779964
  },
  "charmEV": {
    "greed": 0.0502,
    "pyro": 0.1255,
    "suited": 0.0706,
    "runner": 0.0711,
    "jackpot": 0.4607,
    "noir": 0.1225,
    "broker": 0.0154,
    "twins": 0.0238,
    "compactor": 0.0189,
    "runts": 0.0231,
    "bridge": 0.0451,
    "stair": 0.0134,
    "keystone": 0.0301,
    "lapidary": -0.0125,
    "prism": -0.0062,
    "jewelbox": -0.0015,
    "highmult": 0.0484,
    "magnate": 0.0441,
    "echo": 0.0112,
    "loaded": 0,
    "climax": 0.001,
    "evenodd": -0.0045,
    "paritybet": -0.0033,
    "twotone": 0.0242
  },
  "deckParity": {
    "standard": 0.08445,
    "high": 0.0791
  },
  "personaFun": {
    "masterly": {
      "name": "마스터리",
      "bankScores": [
        7.23,
        7.18,
        7.2
      ],
      "axes": {
        "agency": 0.7411933614908086,
        "tension": 0.19262090423694103,
        "dopamine": 0.9739676564360423,
        "variety": 0.7799891516824203,
        "flow": 0.898336598350452
      }
    },
    "safe": {
      "name": "안전제일",
      "bankScores": [
        6.38,
        6.4,
        6.34
      ],
      "axes": {
        "agency": 0.721767251075659,
        "tension": 0.19770763979603834,
        "dopamine": 0.9669588302220573,
        "variety": 0.7796573154809155,
        "flow": 0.880487836906398
      }
    },
    "combo": {
      "name": "콤보러",
      "bankScores": [
        7.86,
        7.89,
        7.88
      ],
      "axes": {
        "agency": 0.6667747843033341,
        "tension": 0.24663822872229388,
        "dopamine": 0.9114158033719465,
        "variety": 0.8146546829377093,
        "flow": 0.8856282608421644
      }
    },
    "thriller": {
      "name": "스릴러",
      "bankScores": [
        5.98,
        5.96,
        5.97
      ],
      "axes": {
        "agency": 0.710503479570726,
        "tension": 0.19926254375725735,
        "dopamine": 0.9635379229871558,
        "variety": 0.7775873234843974,
        "flow": 0.9050901792155389
      }
    },
    "casual": {
      "name": "캐주얼",
      "bankScores": [
        6.66,
        6.56,
        6.61
      ],
      "axes": {
        "agency": 0.6574080867005935,
        "tension": 0.30279448178279683,
        "dopamine": 0.7795189246551131,
        "variety": 0.7537504015311025,
        "flow": 0.7666446886446886
      }
    }
  },
  "notes": [
    "jackpot: forced-inclusion ΔclearRate=+46.1pp (baseline 8.4%→54.5%) — 24종 중 유일 복리형(chainMul×2, runLen≥4). C2 밸런스 리뷰 대상으로 기록·수용(G3는 이 값을 anchor로 삼아 red 아님).",
    "frost: boss cond-pass=98% — 밴드 상한(구 z-score 절대밴드 98%) 근접/초과가 관측된 baseline. G3는 anchor로 수용(red 아님)."
  ]
}
